{"cameraMode":{"drawMode":0,"name":"Shaded","section":"Shading Mode"},"sceneLighting":true,"audioPlay":false,"sceneViewState":{"showFog":true,"showMaterialUpdate":false,"showSkybox":true,"showFlares":true,"showImageEffects":true,"showParticleSystems":true},"in2DMode":false,"pivot":{"x":-10.67623519897461,"y":-2.1126177310943605,"z":4.708855152130127},"rotation":{"x":-0.0911148190498352,"y":0.9087812304496765,"z":-0.2799370288848877,"w":-0.29582279920578005},"size":4.8974480628967289,"orthographic":false}