{"cameraMode":{"drawMode":0,"name":"Shaded","section":"Shading Mode"},"sceneLighting":true,"audioPlay":false,"sceneViewState":{"showFog":true,"showMaterialUpdate":false,"showSkybox":true,"showFlares":true,"showImageEffects":true,"showParticleSystems":true},"in2DMode":false,"pivot":{"x":-11.575488090515137,"y":-9.773049354553223,"z":-10.92037296295166},"rotation":{"x":-0.0947776511311531,"y":0.9028072357177734,"z":-0.3293555974960327,"w":-0.2598010003566742},"size":11.925186157226563,"orthographic":false}